{"cameraMode":{"drawMode":0,"name":"Shaded","section":"Shading Mode"},"sceneLighting":true,"audioPlay":false,"sceneViewState":{"showFog":false,"showMaterialUpdate":false,"showSkybox":false,"showFlares":false,"showImageEffects":false,"showParticleSystems":false},"in2DMode":false,"pivot":{"x":-22.059412002563478,"y":-28.24972915649414,"z":78.92092895507813},"rotation":{"x":0.20024985074996949,"y":-0.09096837043762207,"z":0.01867714896798134,"w":0.9753337502479553},"size":157.8941192626953,"orthographic":false}